<?xml version="1.0" encoding="UTF-8"?>
<mapred>
	<!-- profile -->
	<baseId></baseId>
	<projectId></projectId>
	<resourceName>test</resourceName>
	<idePath></idePath>

	<!-- classes -->
	<jobLauncher>my.group.GradientBoostingRegression.JobLauncher
	</jobLauncher>
	<mapper>my.group.GradientBoostingRegression.FeatureMapper</mapper>
	<reducer>my.group.GradientBoostingRegression.GBRTReducer</reducer>

	<!--task -->
	<mapOutputKey>val:BIGINT</mapOutputKey>
	<mapOutputValue>item_id:BIGINT,store_code:STRING,
	
					
					_1day_qty_alipay_njhs_sum:BIGINT,
					_1day_qty_alipay_njhs_min:BIGINT,
					_1day_pv_ipv_avg:DOUBLE,
					_1day_cart_ipv_avg:DOUBLE,
					_1day_collect_uv_avg:DOUBLE,
					_1day_brand_qty_alipay_njhs_avg:DOUBLE,
					_1day_cate_qty_alipay_njhs_avg:DOUBLE,
					_1day_cate_level_qty_alipay_njhs_avg:DOUBLE,
					_1day_supplier_qty_alipay_njhs_avg:DOUBLE,
					_1day_qty_alipay_njhs_median:DOUBLE,
					_1day_qty_alipay_njhs_avg:DOUBLE,
					_1day_qty_alipay_njhs_stddev:DOUBLE,
					_1day_price_avg:DOUBLE,
					_1day_discount:DOUBLE,
					_1day_cart_buy_rate:DOUBLE,
					_1day_collect_buy_rate:DOUBLE,
					_1day_amt_alipay_njhs_sum:DOUBLE,
					_1day_cate_qty_alipay_njhs_substract_avg:DOUBLE,
					_1day_cate_level_qty_alipay_njhs_substract_avg:DOUBLE,
					_1day_supplier_qty_alipay_njhs_substract_avg:DOUBLE,
					_1day_brand_qty_alipay_njhs_substract_avg:DOUBLE,
					
					
					_2day_qty_alipay_njhs_sum:BIGINT,
					_2day_qty_alipay_njhs_min:BIGINT,
					_2day_pv_ipv_avg:DOUBLE,
					_2day_cart_ipv_avg:DOUBLE,
					_2day_collect_uv_avg:DOUBLE,
					_2day_brand_qty_alipay_njhs_avg:DOUBLE,
					_2day_cate_qty_alipay_njhs_avg:DOUBLE,
					_2day_cate_level_qty_alipay_njhs_avg:DOUBLE,
					_2day_supplier_qty_alipay_njhs_avg:DOUBLE,
					_2day_qty_alipay_njhs_median:DOUBLE,
					_2day_qty_alipay_njhs_avg:DOUBLE,
					_2day_qty_alipay_njhs_stddev:DOUBLE,
					_2day_price_avg:DOUBLE,
					_2day_discount:DOUBLE,
					_2day_cart_buy_rate:DOUBLE,
					_2day_collect_buy_rate:DOUBLE,
					_2day_amt_alipay_njhs_sum:DOUBLE,
					_2day_cate_qty_alipay_njhs_substract_avg:DOUBLE,
					_2day_cate_level_qty_alipay_njhs_substract_avg:DOUBLE,
					_2day_supplier_qty_alipay_njhs_substract_avg:DOUBLE,
					_2day_brand_qty_alipay_njhs_substract_avg:DOUBLE,
					
					
					_3day_qty_alipay_njhs_sum:BIGINT,
					_3day_qty_alipay_njhs_min:BIGINT,
					_3day_pv_ipv_avg:DOUBLE,
					_3day_cart_ipv_avg:DOUBLE,
					_3day_collect_uv_avg:DOUBLE,
					_3day_brand_qty_alipay_njhs_avg:DOUBLE,
					_3day_cate_qty_alipay_njhs_avg:DOUBLE,
					_3day_cate_level_qty_alipay_njhs_avg:DOUBLE,
					_3day_supplier_qty_alipay_njhs_avg:DOUBLE,
					_3day_qty_alipay_njhs_median:DOUBLE,
					_3day_qty_alipay_njhs_avg:DOUBLE,
					_3day_qty_alipay_njhs_stddev:DOUBLE,
					_3day_price_avg:DOUBLE,
					_3day_discount:DOUBLE,
					_3day_cart_buy_rate:DOUBLE,
					_3day_collect_buy_rate:DOUBLE,
					_3day_amt_alipay_njhs_sum:DOUBLE,
					_3day_cate_qty_alipay_njhs_substract_avg:DOUBLE,
					_3day_cate_level_qty_alipay_njhs_substract_avg:DOUBLE,
					_3day_supplier_qty_alipay_njhs_substract_avg:DOUBLE,
					_3day_brand_qty_alipay_njhs_substract_avg:DOUBLE,
					
					
					_4day_qty_alipay_njhs_sum:BIGINT,
					_4day_qty_alipay_njhs_min:BIGINT,
					_4day_pv_ipv_avg:DOUBLE,
					_4day_cart_ipv_avg:DOUBLE,
					_4day_collect_uv_avg:DOUBLE,
					_4day_brand_qty_alipay_njhs_avg:DOUBLE,
					_4day_cate_qty_alipay_njhs_avg:DOUBLE,
					_4day_cate_level_qty_alipay_njhs_avg:DOUBLE,
					_4day_supplier_qty_alipay_njhs_avg:DOUBLE,
					_4day_qty_alipay_njhs_median:DOUBLE,
					_4day_qty_alipay_njhs_avg:DOUBLE,
					_4day_qty_alipay_njhs_stddev:DOUBLE,
					_4day_price_avg:DOUBLE,
					_4day_discount:DOUBLE,
					_4day_cart_buy_rate:DOUBLE,
					_4day_collect_buy_rate:DOUBLE,
					_4day_amt_alipay_njhs_sum:DOUBLE,
					_4day_cate_qty_alipay_njhs_substract_avg:DOUBLE,
					_4day_cate_level_qty_alipay_njhs_substract_avg:DOUBLE,
					_4day_supplier_qty_alipay_njhs_substract_avg:DOUBLE,
					_4day_brand_qty_alipay_njhs_substract_avg:DOUBLE,
					
					
					_5day_qty_alipay_njhs_sum:BIGINT,
					_5day_qty_alipay_njhs_min:BIGINT,
					_5day_pv_ipv_avg:DOUBLE,
					_5day_cart_ipv_avg:DOUBLE,
					_5day_collect_uv_avg:DOUBLE,
					_5day_brand_qty_alipay_njhs_avg:DOUBLE,
					_5day_cate_qty_alipay_njhs_avg:DOUBLE,
					_5day_cate_level_qty_alipay_njhs_avg:DOUBLE,
					_5day_supplier_qty_alipay_njhs_avg:DOUBLE,
					_5day_qty_alipay_njhs_median:DOUBLE,
					_5day_qty_alipay_njhs_avg:DOUBLE,
					_5day_qty_alipay_njhs_stddev:DOUBLE,
					_5day_price_avg:DOUBLE,
					_5day_discount:DOUBLE,
					_5day_cart_buy_rate:DOUBLE,
					_5day_collect_buy_rate:DOUBLE,
					_5day_amt_alipay_njhs_sum:DOUBLE,
					_5day_cate_qty_alipay_njhs_substract_avg:DOUBLE,
					_5day_cate_level_qty_alipay_njhs_substract_avg:DOUBLE,
					_5day_supplier_qty_alipay_njhs_substract_avg:DOUBLE,
					_5day_brand_qty_alipay_njhs_substract_avg:DOUBLE,
					
					
					_6day_qty_alipay_njhs_sum:BIGINT,
					_6day_qty_alipay_njhs_min:BIGINT,
					_6day_pv_ipv_avg:DOUBLE,
					_6day_cart_ipv_avg:DOUBLE,
					_6day_collect_uv_avg:DOUBLE,
					_6day_brand_qty_alipay_njhs_avg:DOUBLE,
					_6day_cate_qty_alipay_njhs_avg:DOUBLE,
					_6day_cate_level_qty_alipay_njhs_avg:DOUBLE,
					_6day_supplier_qty_alipay_njhs_avg:DOUBLE,
					_6day_qty_alipay_njhs_median:DOUBLE,
					_6day_qty_alipay_njhs_avg:DOUBLE,
					_6day_qty_alipay_njhs_stddev:DOUBLE,
					_6day_price_avg:DOUBLE,
					_6day_discount:DOUBLE,
					_6day_cart_buy_rate:DOUBLE,
					_6day_collect_buy_rate:DOUBLE,
					_6day_amt_alipay_njhs_sum:DOUBLE,
					_6day_cate_qty_alipay_njhs_substract_avg:DOUBLE,
					_6day_cate_level_qty_alipay_njhs_substract_avg:DOUBLE,
					_6day_supplier_qty_alipay_njhs_substract_avg:DOUBLE,
					_6day_brand_qty_alipay_njhs_substract_avg:DOUBLE,
					
					
					_7day_qty_alipay_njhs_sum:BIGINT,
					_7day_qty_alipay_njhs_min:BIGINT,
					_7day_pv_ipv_avg:DOUBLE,
					_7day_cart_ipv_avg:DOUBLE,
					_7day_collect_uv_avg:DOUBLE,
					_7day_brand_qty_alipay_njhs_avg:DOUBLE,
					_7day_cate_qty_alipay_njhs_avg:DOUBLE,
					_7day_cate_level_qty_alipay_njhs_avg:DOUBLE,
					_7day_supplier_qty_alipay_njhs_avg:DOUBLE,
					_7day_qty_alipay_njhs_median:DOUBLE,
					_7day_qty_alipay_njhs_avg:DOUBLE,
					_7day_qty_alipay_njhs_stddev:DOUBLE,
					_7day_price_avg:DOUBLE,
					_7day_discount:DOUBLE,
					_7day_cart_buy_rate:DOUBLE,
					_7day_collect_buy_rate:DOUBLE,
					_7day_amt_alipay_njhs_sum:DOUBLE,
					_7day_cate_qty_alipay_njhs_substract_avg:DOUBLE,
					_7day_cate_level_qty_alipay_njhs_substract_avg:DOUBLE,
					_7day_supplier_qty_alipay_njhs_substract_avg:DOUBLE,
					_7day_brand_qty_alipay_njhs_substract_avg:DOUBLE,
	
					_14day_qty_alipay_njhs_sum:BIGINT,
					_14day_qty_alipay_njhs_min:BIGINT,
					_14day_pv_ipv_avg:DOUBLE,
					_14day_cart_ipv_avg:DOUBLE,
					_14day_collect_uv_avg:DOUBLE,
					_14day_brand_qty_alipay_njhs_avg:DOUBLE,
					_14day_cate_qty_alipay_njhs_avg:DOUBLE,
					_14day_cate_level_qty_alipay_njhs_avg:DOUBLE,
					_14day_supplier_qty_alipay_njhs_avg:DOUBLE,
					_14day_qty_alipay_njhs_median:DOUBLE,
					_14day_qty_alipay_njhs_avg:DOUBLE,
					_14day_qty_alipay_njhs_stddev:DOUBLE,
					_14day_price_avg:DOUBLE,
					_14day_discount:DOUBLE,
					_14day_cart_buy_rate:DOUBLE,
					_14day_collect_buy_rate:DOUBLE,
					_14day_amt_alipay_njhs_sum:DOUBLE,
					_14day_cate_qty_alipay_njhs_substract_avg:DOUBLE,
					_14day_cate_level_qty_alipay_njhs_substract_avg:DOUBLE,
					_14day_supplier_qty_alipay_njhs_substract_avg:DOUBLE,
					_14day_brand_qty_alipay_njhs_substract_avg:DOUBLE,
					
					
					_21day_qty_alipay_njhs_sum:BIGINT,
					_21day_qty_alipay_njhs_min:BIGINT,
					_21day_pv_ipv_avg:DOUBLE,
					_21day_cart_ipv_avg:DOUBLE,
					_21day_collect_uv_avg:DOUBLE,
					_21day_brand_qty_alipay_njhs_avg:DOUBLE,
					_21day_cate_qty_alipay_njhs_avg:DOUBLE,
					_21day_cate_level_qty_alipay_njhs_avg:DOUBLE,
					_21day_supplier_qty_alipay_njhs_avg:DOUBLE,
					_21day_qty_alipay_njhs_median:DOUBLE,
					_21day_qty_alipay_njhs_avg:DOUBLE,
					_21day_qty_alipay_njhs_stddev:DOUBLE,
					_21day_price_avg:DOUBLE,
					_21day_discount:DOUBLE,
					_21day_cart_buy_rate:DOUBLE,
					_21day_collect_buy_rate:DOUBLE,
					_21day_amt_alipay_njhs_sum:DOUBLE,
					_21day_cate_qty_alipay_njhs_substract_avg:DOUBLE,
					_21day_cate_level_qty_alipay_njhs_substract_avg:DOUBLE,
					_21day_supplier_qty_alipay_njhs_substract_avg:DOUBLE,
					_21day_brand_qty_alipay_njhs_substract_avg:DOUBLE,
					
					
					_30day_qty_alipay_njhs_sum:BIGINT,
					_30day_qty_alipay_njhs_min:BIGINT,
					_30day_pv_ipv_avg:DOUBLE,
					_30day_cart_ipv_avg:DOUBLE,
					_30day_collect_uv_avg:DOUBLE,
					_30day_brand_qty_alipay_njhs_avg:DOUBLE,
					_30day_cate_qty_alipay_njhs_avg:DOUBLE,
					_30day_cate_level_qty_alipay_njhs_avg:DOUBLE,
					_30day_supplier_qty_alipay_njhs_avg:DOUBLE,
					_30day_qty_alipay_njhs_median:DOUBLE,
					_30day_qty_alipay_njhs_avg:DOUBLE,
					_30day_qty_alipay_njhs_stddev:DOUBLE,
					_30day_price_avg:DOUBLE,
					_30day_discount:DOUBLE,
					_30day_cart_buy_rate:DOUBLE,
					_30day_collect_buy_rate:DOUBLE,
					_30day_amt_alipay_njhs_sum:DOUBLE,
					_30day_cate_qty_alipay_njhs_substract_avg:DOUBLE,
					_30day_cate_level_qty_alipay_njhs_substract_avg:DOUBLE,
					_30day_supplier_qty_alipay_njhs_substract_avg:DOUBLE,
					_30day_brand_qty_alipay_njhs_substract_avg:DOUBLE,
					
					
					_60day_qty_alipay_njhs_sum:BIGINT,
					_60day_qty_alipay_njhs_min:BIGINT,
					_60day_pv_ipv_avg:DOUBLE,
					_60day_cart_ipv_avg:DOUBLE,
					_60day_collect_uv_avg:DOUBLE,
					_60day_brand_qty_alipay_njhs_avg:DOUBLE,
					_60day_cate_qty_alipay_njhs_avg:DOUBLE,
					_60day_cate_level_qty_alipay_njhs_avg:DOUBLE,
					_60day_supplier_qty_alipay_njhs_avg:DOUBLE,
					_60day_qty_alipay_njhs_median:DOUBLE,
					_60day_qty_alipay_njhs_avg:DOUBLE,
					_60day_qty_alipay_njhs_stddev:DOUBLE,
					_60day_price_avg:DOUBLE,
					_60day_discount:DOUBLE,
					_60day_cart_buy_rate:DOUBLE,
					_60day_collect_buy_rate:DOUBLE,
					_60day_amt_alipay_njhs_sum:DOUBLE,
					_60day_cate_qty_alipay_njhs_substract_avg:DOUBLE,
					_60day_cate_level_qty_alipay_njhs_substract_avg:DOUBLE,
					_60day_supplier_qty_alipay_njhs_substract_avg:DOUBLE,
					_60day_brand_qty_alipay_njhs_substract_avg:DOUBLE,
					
					
					_365day_qty_alipay_njhs_sum:BIGINT,
					_365day_qty_alipay_njhs_min:BIGINT,
					_365day_pv_ipv_avg:DOUBLE,
					_365day_cart_ipv_avg:DOUBLE,
					_365day_collect_uv_avg:DOUBLE,
					_365day_brand_qty_alipay_njhs_avg:DOUBLE,
					_365day_cate_qty_alipay_njhs_avg:DOUBLE,
					_365day_cate_level_qty_alipay_njhs_avg:DOUBLE,
					_365day_supplier_qty_alipay_njhs_avg:DOUBLE,
					_365day_qty_alipay_njhs_median:DOUBLE,
					_365day_qty_alipay_njhs_avg:DOUBLE,
					_365day_qty_alipay_njhs_stddev:DOUBLE,
					_365day_price_avg:DOUBLE,
					_365day_discount:DOUBLE,
					_365day_cart_buy_rate:DOUBLE,
					_365day_collect_buy_rate:DOUBLE,
					_365day_amt_alipay_njhs_sum:DOUBLE,
					_365day_cate_qty_alipay_njhs_substract_avg:DOUBLE,
					_365day_cate_level_qty_alipay_njhs_substract_avg:DOUBLE,
					_365day_supplier_qty_alipay_njhs_substract_avg:DOUBLE,
					_365day_brand_qty_alipay_njhs_substract_avg:DOUBLE,
					
					
					_366day_qty_alipay_njhs_sum:BIGINT,
					_366day_qty_alipay_njhs_min:BIGINT,
					_366day_pv_ipv_avg:DOUBLE,
					_366day_cart_ipv_avg:DOUBLE,
					_366day_collect_uv_avg:DOUBLE,
					_366day_brand_qty_alipay_njhs_avg:DOUBLE,
					_366day_cate_qty_alipay_njhs_avg:DOUBLE,
					_366day_cate_level_qty_alipay_njhs_avg:DOUBLE,
					_366day_supplier_qty_alipay_njhs_avg:DOUBLE,
					_366day_qty_alipay_njhs_median:DOUBLE,
					_366day_qty_alipay_njhs_avg:DOUBLE,
					_366day_qty_alipay_njhs_stddev:DOUBLE,
					_366day_price_avg:DOUBLE,
					_366day_discount:DOUBLE,
					_366day_cart_buy_rate:DOUBLE,
					_366day_collect_buy_rate:DOUBLE,
					_366day_amt_alipay_njhs_sum:DOUBLE,
					_366day_cate_qty_alipay_njhs_substract_avg:DOUBLE,
					_366day_cate_level_qty_alipay_njhs_substract_avg:DOUBLE,
					_366day_supplier_qty_alipay_njhs_substract_avg:DOUBLE,
					_366day_brand_qty_alipay_njhs_substract_avg:DOUBLE,
					
					_1day_pv_uv_avg:DOUBLE,
					_2day_pv_uv_avg:DOUBLE,
					_3day_pv_uv_avg:DOUBLE,
					_4day_pv_uv_avg:DOUBLE,
					_5day_pv_uv_avg:DOUBLE,
					_6day_pv_uv_avg:DOUBLE,
					_7day_pv_uv_avg:DOUBLE,
					_14day_pv_uv_avg:DOUBLE,
					_21day_pv_uv_avg:DOUBLE,
					_30day_pv_uv_avg:DOUBLE,
					_60day_pv_uv_avg:DOUBLE,
					_365day_pv_uv_avg:DOUBLE,
					_366day_pv_uv_avg:DOUBLE,
							
					_1day_cart_uv_avg:DOUBLE,
					_2day_cart_uv_avg:DOUBLE,
					_3day_cart_uv_avg:DOUBLE,
					_4day_cart_uv_avg:DOUBLE,
					_5day_cart_uv_avg:DOUBLE,
					_6day_cart_uv_avg:DOUBLE,
					_7day_cart_uv_avg:DOUBLE,
					_14day_cart_uv_avg:DOUBLE,
					_21day_cart_uv_avg:DOUBLE,
					_30day_cart_uv_avg:DOUBLE,
					_60day_cart_uv_avg:DOUBLE,
					_365day_cart_uv_avg:DOUBLE,
					_366day_cart_uv_avg:DOUBLE,
			
					_single_2day_qty_alipay_njhs:BIGINT,
					_single_3day_qty_alipay_njhs:BIGINT,
					_single_4day_qty_alipay_njhs:BIGINT,
					_single_5day_qty_alipay_njhs:BIGINT,
					_single_6day_qty_alipay_njhs:BIGINT,
					_single_7day_qty_alipay_njhs:BIGINT,
					_item_new_and_many_brow:BIGINT,
					_4day_divide_14day_qty_alipay_njhs:DOUBLE,	
					_365day_divide_366day_qty_alipay_njhs:DOUBLE,	
					_4day_substract_14day_qty_alipay_njhs:DOUBLE,
					_365day_substract_366day_qty_alipay_njhs:DOUBLE,	
					_total_sell:BIGINT,
					_first_sell:BIGINT,
					_last_sell:BIGINT,
					targeta:DOUBLE,
					targetb:DOUBLE,
					y:BIGINT,
					train:BIGINT,
					
					is_tree:BIGINT,
					root_id:BIGINT,
					left_son:BIGINT,
					right_son:BIGINT,
					split_feature:BIGINT,
					split_feature_value:DOUBLE,
					estimator_num:BIGINT,
					is_root:BIGINT,
					node_value:DOUBLE,
					max_depth:BIGINT,
					alpha:DOUBLE,
					sample_weight:DOUBLE,
					learning_rate:DOUBLE,
					sample_rate:DOUBLE,
					feature_rate:DOUBLE,
	</mapOutputValue>
	<numReduceTask>420</numReduceTask>
	<memoryForReduceTask>8096</memoryForReduceTask>
	<partitionColumns>val</partitionColumns>
	<!-- <partitionColumns>col1,col2</partitionColumns> <outputKeySortColumns>col1,col2</outputKeySortColumns> 
		<outputKeySortOrders>ASC,DESC</outputKeySortOrders> <outputGroupingColumns>col1,col2</outputGroupingColumns> 
		<numReduceTask>8</numReduceTask> <memoryForMapTask>2048</memoryForMapTask> 
		<memoryForReduceTask>2048</memoryForReduceTask> -->

	<!-- tables -->
	<inputTables>
		<table>
			<name>tree_table</name>
		</table>
		<table>
			<name>gbrt_test_fencang</name>
		</table>
		<table>
			<name>gbrt_test_all</name>
		</table>
	</inputTables>
	<outputTable>
		<name>tree_table</name>
	</outputTable>
</mapred>
